{
    "schemes": [
        "http",
        "https"
    ],
    "swagger": "2.0",
    "info": {
        "description": "RBAC scaffolding based on GIN + GORM/MONGO + CASBIN + WIRE.",
        "title": "gin-admin",
        "contact": {
            "name": "LyricTian",
            "email": "tiannianshou@gmail.com"
        },
        "license": {},
        "version": "6.4.2"
    },
    "basePath": "/",
    "paths": {},
    "securityDefinitions": {
        "ApiKeyAuth": {
            "type": "apiKey",
            "name": "Authorization",
            "in": "header"
        }
    }
}